LSOA,Local Authority (LA) Name
W01000001,Isle of Anglesey
W01000002,Isle of Anglesey
W01000003,Isle of Anglesey
W01000004,Isle of Anglesey
W01000005,Isle of Anglesey
W01000006,Isle of Anglesey
W01000007,Isle of Anglesey
W01000008,Isle of Anglesey
W01000009,Isle of Anglesey
W01000010,Isle of Anglesey
W01000011,Isle of Anglesey
W01000012,Isle of Anglesey
W01000013,Isle of Anglesey
W01000014,Isle of Anglesey
W01000015,Isle of Anglesey
W01000016,Isle of Anglesey
W01000017,Isle of Anglesey
W01000018,Isle of Anglesey
W01000019,Isle of Anglesey
W01000020,Isle of Anglesey
W01000021,Isle of Anglesey
W01000022,Isle of Anglesey
W01000023,Isle of Anglesey
W01000024,Isle of Anglesey
W01000025,Isle of Anglesey
W01000026,Isle of Anglesey
W01000027,Isle of Anglesey
W01000028,Isle of Anglesey
W01000029,Isle of Anglesey
W01000030,Isle of Anglesey
W01000031,Isle of Anglesey
W01000032,Isle of Anglesey
W01000033,Isle of Anglesey
W01000034,Isle of Anglesey
W01000035,Isle of Anglesey
W01000036,Isle of Anglesey
W01000037,Isle of Anglesey
W01000038,Isle of Anglesey
W01000039,Isle of Anglesey
W01000040,Isle of Anglesey
W01000041,Isle of Anglesey
W01000042,Isle of Anglesey
W01000043,Isle of Anglesey
W01000044,Isle of Anglesey
W01000047,Gwynedd
W01000048,Gwynedd
W01000049,Gwynedd
W01000050,Gwynedd
W01000051,Gwynedd
W01000052,Gwynedd
W01000053,Gwynedd
W01000054,Gwynedd
W01000056,Gwynedd
W01000057,Gwynedd
W01000059,Gwynedd
W01000060,Gwynedd
W01000061,Gwynedd
W01000062,Gwynedd
W01000063,Gwynedd
W01000064,Gwynedd
W01000065,Gwynedd
W01000066,Gwynedd
W01000067,Gwynedd
W01000068,Gwynedd
W01000069,Gwynedd
W01000070,Gwynedd
W01000071,Gwynedd
W01000072,Gwynedd
W01000073,Gwynedd
W01000074,Gwynedd
W01000075,Gwynedd
W01000076,Gwynedd
W01000077,Gwynedd
W01000078,Gwynedd
W01000079,Gwynedd
W01000080,Gwynedd
W01000081,Gwynedd
W01000082,Gwynedd
W01000083,Gwynedd
W01000084,Gwynedd
W01000085,Gwynedd
W01000086,Gwynedd
W01000087,Gwynedd
W01000088,Gwynedd
W01000089,Gwynedd
W01000090,Gwynedd
W01000091,Gwynedd
W01000092,Gwynedd
W01000093,Gwynedd
W01000094,Gwynedd
W01000095,Gwynedd
W01000096,Gwynedd
W01000097,Gwynedd
W01000098,Gwynedd
W01000099,Gwynedd
W01000100,Gwynedd
W01000101,Gwynedd
W01000102,Gwynedd
W01000103,Gwynedd
W01000104,Gwynedd
W01000105,Gwynedd
W01000106,Gwynedd
W01000107,Gwynedd
W01000108,Gwynedd
W01000109,Gwynedd
W01000110,Gwynedd
W01000111,Gwynedd
W01000112,Gwynedd
W01000113,Gwynedd
W01000114,Gwynedd
W01000115,Gwynedd
W01000116,Gwynedd
W01000117,Gwynedd
W01000118,Gwynedd
W01000119,Gwynedd
W01000121,Conwy
W01000122,Conwy
W01000123,Conwy
W01000124,Conwy
W01000125,Conwy
W01000126,Conwy
W01000127,Conwy
W01000128,Conwy
W01000129,Conwy
W01000130,Conwy
W01000131,Conwy
W01000132,Conwy
W01000133,Conwy
W01000134,Conwy
W01000135,Conwy
W01000136,Conwy
W01000137,Conwy
W01000138,Conwy
W01000139,Conwy
W01000140,Conwy
W01000141,Conwy
W01000142,Conwy
W01000143,Conwy
W01000144,Conwy
W01000145,Conwy
W01000146,Conwy
W01000147,Conwy
W01000148,Conwy
W01000149,Conwy
W01000150,Conwy
W01000151,Conwy
W01000152,Conwy
W01000153,Conwy
W01000154,Conwy
W01000155,Conwy
W01000156,Conwy
W01000157,Conwy
W01000158,Conwy
W01000159,Conwy
W01000162,Conwy
W01000163,Conwy
W01000164,Conwy
W01000165,Conwy
W01000166,Conwy
W01000167,Conwy
W01000168,Conwy
W01000169,Conwy
W01000170,Conwy
W01000171,Conwy
W01000172,Conwy
W01000173,Conwy
W01000174,Conwy
W01000175,Conwy
W01000176,Conwy
W01000177,Conwy
W01000178,Conwy
W01000179,Conwy
W01000180,Conwy
W01000181,Conwy
W01000182,Conwy
W01000183,Conwy
W01000184,Conwy
W01000185,Conwy
W01000186,Conwy
W01000187,Conwy
W01000188,Conwy
W01000189,Conwy
W01000190,Conwy
W01000191,Denbighshire
W01000192,Denbighshire
W01000193,Denbighshire
W01000194,Denbighshire
W01000195,Denbighshire
W01000196,Denbighshire
W01000197,Denbighshire
W01000198,Denbighshire
W01000199,Denbighshire
W01000200,Denbighshire
W01000201,Denbighshire
W01000202,Denbighshire
W01000203,Denbighshire
W01000204,Denbighshire
W01000205,Denbighshire
W01000206,Denbighshire
W01000207,Denbighshire
W01000208,Denbighshire
W01000209,Denbighshire
W01000210,Denbighshire
W01000211,Denbighshire
W01000212,Denbighshire
W01000213,Denbighshire
W01000214,Denbighshire
W01000215,Denbighshire
W01000216,Denbighshire
W01000217,Denbighshire
W01000218,Denbighshire
W01000219,Denbighshire
W01000220,Denbighshire
W01000221,Denbighshire
W01000222,Denbighshire
W01000223,Denbighshire
W01000224,Denbighshire
W01000225,Denbighshire
W01000226,Denbighshire
W01000227,Denbighshire
W01000228,Denbighshire
W01000229,Denbighshire
W01000230,Denbighshire
W01000231,Denbighshire
W01000232,Denbighshire
W01000233,Denbighshire
W01000234,Denbighshire
W01000235,Denbighshire
W01000236,Denbighshire
W01000237,Denbighshire
W01000238,Denbighshire
W01000239,Denbighshire
W01000240,Denbighshire
W01000241,Denbighshire
W01000242,Denbighshire
W01000243,Denbighshire
W01000244,Denbighshire
W01000245,Denbighshire
W01000246,Denbighshire
W01000247,Denbighshire
W01000248,Denbighshire
W01000249,Flintshire
W01000250,Flintshire
W01000251,Flintshire
W01000252,Flintshire
W01000253,Flintshire
W01000254,Flintshire
W01000255,Flintshire
W01000256,Flintshire
W01000257,Flintshire
W01000258,Flintshire
W01000259,Flintshire
W01000260,Flintshire
W01000261,Flintshire
W01000262,Flintshire
W01000263,Flintshire
W01000264,Flintshire
W01000265,Flintshire
W01000266,Flintshire
W01000267,Flintshire
W01000268,Flintshire
W01000269,Flintshire
W01000270,Flintshire
W01000271,Flintshire
W01000272,Flintshire
W01000273,Flintshire
W01000274,Flintshire
W01000275,Flintshire
W01000276,Flintshire
W01000277,Flintshire
W01000278,Flintshire
W01000279,Flintshire
W01000280,Flintshire
W01000281,Flintshire
W01000282,Flintshire
W01000283,Flintshire
W01000284,Flintshire
W01000285,Flintshire
W01000286,Flintshire
W01000287,Flintshire
W01000288,Flintshire
W01000289,Flintshire
W01000290,Flintshire
W01000291,Flintshire
W01000292,Flintshire
W01000293,Flintshire
W01000294,Flintshire
W01000295,Flintshire
W01000296,Flintshire
W01000297,Flintshire
W01000298,Flintshire
W01000299,Flintshire
W01000300,Flintshire
W01000301,Flintshire
W01000302,Flintshire
W01000303,Flintshire
W01000304,Flintshire
W01000305,Flintshire
W01000306,Flintshire
W01000307,Flintshire
W01000308,Flintshire
W01000309,Flintshire
W01000310,Flintshire
W01000311,Flintshire
W01000312,Flintshire
W01000313,Flintshire
W01000314,Flintshire
W01000315,Flintshire
W01000316,Flintshire
W01000317,Flintshire
W01000318,Flintshire
W01000319,Flintshire
W01000320,Flintshire
W01000321,Flintshire
W01000322,Flintshire
W01000323,Flintshire
W01000324,Flintshire
W01000325,Flintshire
W01000326,Flintshire
W01000327,Flintshire
W01000328,Flintshire
W01000329,Flintshire
W01000330,Flintshire
W01000331,Flintshire
W01000332,Flintshire
W01000333,Flintshire
W01000334,Flintshire
W01000335,Flintshire
W01000336,Flintshire
W01000337,Flintshire
W01000338,Flintshire
W01000339,Flintshire
W01000340,Flintshire
W01000341,Wrexham
W01000342,Wrexham
W01000343,Wrexham
W01000344,Wrexham
W01000345,Wrexham
W01000346,Wrexham
W01000347,Wrexham
W01000348,Wrexham
W01000349,Wrexham
W01000350,Wrexham
W01000351,Wrexham
W01000352,Wrexham
W01000353,Wrexham
W01000354,Wrexham
W01000355,Wrexham
W01000356,Wrexham
W01000359,Wrexham
W01000360,Wrexham
W01000361,Wrexham
W01000362,Wrexham
W01000363,Wrexham
W01000364,Wrexham
W01000365,Wrexham
W01000366,Wrexham
W01000367,Wrexham
W01000368,Wrexham
W01000369,Wrexham
W01000370,Wrexham
W01000371,Wrexham
W01000372,Wrexham
W01000373,Wrexham
W01000374,Wrexham
W01000375,Wrexham
W01000376,Wrexham
W01000377,Wrexham
W01000378,Wrexham
W01000379,Wrexham
W01000380,Wrexham
W01000381,Wrexham
W01000382,Wrexham
W01000383,Wrexham
W01000384,Wrexham
W01000385,Wrexham
W01000386,Wrexham
W01000387,Wrexham
W01000388,Wrexham
W01000389,Wrexham
W01000390,Wrexham
W01000391,Wrexham
W01000392,Wrexham
W01000393,Wrexham
W01000394,Wrexham
W01000395,Wrexham
W01000396,Wrexham
W01000397,Wrexham
W01000398,Wrexham
W01000399,Wrexham
W01000400,Wrexham
W01000401,Wrexham
W01000402,Wrexham
W01000403,Wrexham
W01000404,Wrexham
W01000405,Wrexham
W01000406,Wrexham
W01000407,Wrexham
W01000408,Wrexham
W01000409,Wrexham
W01000410,Wrexham
W01000411,Wrexham
W01000412,Wrexham
W01000413,Wrexham
W01000414,Wrexham
W01000415,Wrexham
W01000416,Wrexham
W01000417,Wrexham
W01000418,Wrexham
W01000419,Wrexham
W01000420,Wrexham
W01000422,Wrexham
W01000423,Wrexham
W01000424,Wrexham
W01000425,Wrexham
W01000426,Powys
W01000427,Powys
W01000428,Powys
W01000429,Powys
W01000430,Powys
W01000431,Powys
W01000432,Powys
W01000433,Powys
W01000434,Powys
W01000438,Powys
W01000439,Powys
W01000440,Powys
W01000441,Powys
W01000442,Powys
W01000443,Powys
W01000444,Powys
W01000445,Powys
W01000446,Powys
W01000447,Powys
W01000448,Powys
W01000449,Powys
W01000450,Powys
W01000451,Powys
W01000452,Powys
W01000453,Powys
W01000454,Powys
W01000455,Powys
W01000456,Powys
W01000457,Powys
W01000458,Powys
W01000459,Powys
W01000460,Powys
W01000461,Powys
W01000464,Powys
W01000465,Powys
W01000466,Powys
W01000467,Powys
W01000470,Powys
W01000471,Powys
W01000472,Powys
W01000473,Powys
W01000474,Powys
W01000475,Powys
W01000476,Powys
W01000477,Powys
W01000478,Powys
W01000479,Powys
W01000480,Powys
W01000481,Powys
W01000482,Powys
W01000483,Powys
W01000484,Powys
W01000485,Powys
W01000486,Powys
W01000487,Powys
W01000488,Powys
W01000489,Powys
W01000492,Powys
W01000493,Powys
W01000494,Powys
W01000496,Powys
W01000497,Powys
W01000498,Powys
W01000499,Powys
W01000500,Powys
W01000501,Powys
W01000502,Powys
W01000503,Powys
W01000504,Powys
W01000505,Powys
W01000506,Ceredigion
W01000507,Ceredigion
W01000508,Ceredigion
W01000509,Ceredigion
W01000510,Ceredigion
W01000511,Ceredigion
W01000512,Ceredigion
W01000513,Ceredigion
W01000515,Ceredigion
W01000516,Ceredigion
W01000517,Ceredigion
W01000518,Ceredigion
W01000519,Ceredigion
W01000522,Ceredigion
W01000523,Ceredigion
W01000524,Ceredigion
W01000525,Ceredigion
W01000527,Ceredigion
W01000528,Ceredigion
W01000529,Ceredigion
W01000531,Ceredigion
W01000532,Ceredigion
W01000533,Ceredigion
W01000534,Ceredigion
W01000535,Ceredigion
W01000536,Ceredigion
W01000537,Ceredigion
W01000538,Ceredigion
W01000539,Ceredigion
W01000540,Ceredigion
W01000541,Ceredigion
W01000542,Ceredigion
W01000543,Ceredigion
W01000544,Ceredigion
W01000545,Ceredigion
W01000546,Ceredigion
W01000547,Ceredigion
W01000548,Ceredigion
W01000549,Ceredigion
W01000550,Ceredigion
W01000551,Ceredigion
W01000552,Ceredigion
W01000553,Pembrokeshire
W01000554,Pembrokeshire
W01000555,Pembrokeshire
W01000556,Pembrokeshire
W01000557,Pembrokeshire
W01000558,Pembrokeshire
W01000559,Pembrokeshire
W01000560,Pembrokeshire
W01000561,Pembrokeshire
W01000562,Pembrokeshire
W01000563,Pembrokeshire
W01000564,Pembrokeshire
W01000565,Pembrokeshire
W01000566,Pembrokeshire
W01000567,Pembrokeshire
W01000568,Pembrokeshire
W01000569,Pembrokeshire
W01000570,Pembrokeshire
W01000571,Pembrokeshire
W01000572,Pembrokeshire
W01000573,Pembrokeshire
W01000574,Pembrokeshire
W01000575,Pembrokeshire
W01000576,Pembrokeshire
W01000577,Pembrokeshire
W01000578,Pembrokeshire
W01000579,Pembrokeshire
W01000580,Pembrokeshire
W01000581,Pembrokeshire
W01000582,Pembrokeshire
W01000583,Pembrokeshire
W01000584,Pembrokeshire
W01000585,Pembrokeshire
W01000586,Pembrokeshire
W01000587,Pembrokeshire
W01000588,Pembrokeshire
W01000589,Pembrokeshire
W01000590,Pembrokeshire
W01000591,Pembrokeshire
W01000592,Pembrokeshire
W01000593,Pembrokeshire
W01000594,Pembrokeshire
W01000595,Pembrokeshire
W01000596,Pembrokeshire
W01000597,Pembrokeshire
W01000598,Pembrokeshire
W01000599,Pembrokeshire
W01000600,Pembrokeshire
W01000601,Pembrokeshire
W01000602,Pembrokeshire
W01000603,Pembrokeshire
W01000604,Pembrokeshire
W01000605,Pembrokeshire
W01000606,Pembrokeshire
W01000607,Pembrokeshire
W01000608,Pembrokeshire
W01000609,Pembrokeshire
W01000610,Pembrokeshire
W01000611,Pembrokeshire
W01000612,Pembrokeshire
W01000613,Pembrokeshire
W01000614,Pembrokeshire
W01000615,Pembrokeshire
W01000616,Pembrokeshire
W01000617,Pembrokeshire
W01000618,Pembrokeshire
W01000619,Pembrokeshire
W01000620,Pembrokeshire
W01000621,Pembrokeshire
W01000622,Pembrokeshire
W01000623,Pembrokeshire
W01000624,Carmarthenshire
W01000625,Carmarthenshire
W01000626,Carmarthenshire
W01000627,Carmarthenshire
W01000628,Carmarthenshire
W01000629,Carmarthenshire
W01000630,Carmarthenshire
W01000631,Carmarthenshire
W01000632,Carmarthenshire
W01000633,Carmarthenshire
W01000634,Carmarthenshire
W01000635,Carmarthenshire
W01000636,Carmarthenshire
W01000637,Carmarthenshire
W01000638,Carmarthenshire
W01000639,Carmarthenshire
W01000640,Carmarthenshire
W01000641,Carmarthenshire
W01000642,Carmarthenshire
W01000643,Carmarthenshire
W01000644,Carmarthenshire
W01000645,Carmarthenshire
W01000646,Carmarthenshire
W01000647,Carmarthenshire
W01000648,Carmarthenshire
W01000649,Carmarthenshire
W01000650,Carmarthenshire
W01000651,Carmarthenshire
W01000652,Carmarthenshire
W01000653,Carmarthenshire
W01000654,Carmarthenshire
W01000655,Carmarthenshire
W01000656,Carmarthenshire
W01000657,Carmarthenshire
W01000658,Carmarthenshire
W01000659,Carmarthenshire
W01000660,Carmarthenshire
W01000662,Carmarthenshire
W01000663,Carmarthenshire
W01000664,Carmarthenshire
W01000665,Carmarthenshire
W01000666,Carmarthenshire
W01000667,Carmarthenshire
W01000670,Carmarthenshire
W01000671,Carmarthenshire
W01000672,Carmarthenshire
W01000673,Carmarthenshire
W01000674,Carmarthenshire
W01000675,Carmarthenshire
W01000676,Carmarthenshire
W01000677,Carmarthenshire
W01000678,Carmarthenshire
W01000679,Carmarthenshire
W01000680,Carmarthenshire
W01000681,Carmarthenshire
W01000682,Carmarthenshire
W01000683,Carmarthenshire
W01000684,Carmarthenshire
W01000685,Carmarthenshire
W01000686,Carmarthenshire
W01000687,Carmarthenshire
W01000688,Carmarthenshire
W01000689,Carmarthenshire
W01000690,Carmarthenshire
W01000691,Carmarthenshire
W01000692,Carmarthenshire
W01000693,Carmarthenshire
W01000694,Carmarthenshire
W01000695,Carmarthenshire
W01000696,Carmarthenshire
W01000697,Carmarthenshire
W01000698,Carmarthenshire
W01000699,Carmarthenshire
W01000700,Carmarthenshire
W01000701,Carmarthenshire
W01000702,Carmarthenshire
W01000703,Carmarthenshire
W01000704,Carmarthenshire
W01000705,Carmarthenshire
W01000706,Carmarthenshire
W01000707,Carmarthenshire
W01000708,Carmarthenshire
W01000709,Carmarthenshire
W01000710,Carmarthenshire
W01000711,Carmarthenshire
W01000712,Carmarthenshire
W01000713,Carmarthenshire
W01000714,Carmarthenshire
W01000715,Carmarthenshire
W01000716,Carmarthenshire
W01000717,Carmarthenshire
W01000718,Carmarthenshire
W01000719,Carmarthenshire
W01000720,Carmarthenshire
W01000721,Carmarthenshire
W01000722,Carmarthenshire
W01000723,Carmarthenshire
W01000724,Carmarthenshire
W01000725,Carmarthenshire
W01000726,Carmarthenshire
W01000727,Carmarthenshire
W01000728,Carmarthenshire
W01000729,Carmarthenshire
W01000730,Carmarthenshire
W01000731,Carmarthenshire
W01000732,Carmarthenshire
W01000733,Carmarthenshire
W01000734,Carmarthenshire
W01000735,Carmarthenshire
W01000736,Swansea
W01000737,Swansea
W01000738,Swansea
W01000739,Swansea
W01000740,Swansea
W01000741,Swansea
W01000742,Swansea
W01000744,Swansea
W01000745,Swansea
W01000746,Swansea
W01000747,Swansea
W01000749,Swansea
W01000750,Swansea
W01000751,Swansea
W01000752,Swansea
W01000753,Swansea
W01000754,Swansea
W01000755,Swansea
W01000756,Swansea
W01000757,Swansea
W01000758,Swansea
W01000759,Swansea
W01000760,Swansea
W01000761,Swansea
W01000762,Swansea
W01000763,Swansea
W01000764,Swansea
W01000765,Swansea
W01000766,Swansea
W01000767,Swansea
W01000768,Swansea
W01000769,Swansea
W01000770,Swansea
W01000771,Swansea
W01000772,Swansea
W01000773,Swansea
W01000774,Swansea
W01000775,Swansea
W01000776,Swansea
W01000777,Swansea
W01000778,Swansea
W01000779,Swansea
W01000781,Swansea
W01000782,Swansea
W01000784,Swansea
W01000785,Swansea
W01000786,Swansea
W01000787,Swansea
W01000788,Swansea
W01000789,Swansea
W01000790,Swansea
W01000791,Swansea
W01000792,Swansea
W01000793,Swansea
W01000794,Swansea
W01000795,Swansea
W01000796,Swansea
W01000797,Swansea
W01000798,Swansea
W01000799,Swansea
W01000800,Swansea
W01000801,Swansea
W01000802,Swansea
W01000803,Swansea
W01000804,Swansea
W01000805,Swansea
W01000806,Swansea
W01000807,Swansea
W01000808,Swansea
W01000809,Swansea
W01000810,Swansea
W01000811,Swansea
W01000812,Swansea
W01000813,Swansea
W01000814,Swansea
W01000815,Swansea
W01000816,Swansea
W01000817,Swansea
W01000818,Swansea
W01000819,Swansea
W01000820,Swansea
W01000821,Swansea
W01000822,Swansea
W01000823,Swansea
W01000824,Swansea
W01000825,Swansea
W01000826,Swansea
W01000827,Swansea
W01000828,Swansea
W01000829,Swansea
W01000830,Swansea
W01000831,Swansea
W01000832,Swansea
W01000833,Swansea
W01000834,Swansea
W01000835,Swansea
W01000836,Swansea
W01000837,Swansea
W01000838,Swansea
W01000839,Swansea
W01000840,Swansea
W01000841,Swansea
W01000842,Swansea
W01000843,Swansea
W01000844,Swansea
W01000845,Swansea
W01000846,Swansea
W01000847,Swansea
W01000848,Swansea
W01000849,Swansea
W01000850,Swansea
W01000851,Swansea
W01000852,Swansea
W01000853,Swansea
W01000854,Swansea
W01000855,Swansea
W01000856,Swansea
W01000857,Swansea
W01000858,Swansea
W01000859,Swansea
W01000860,Swansea
W01000861,Swansea
W01000862,Swansea
W01000863,Swansea
W01000864,Swansea
W01000865,Swansea
W01000866,Swansea
W01000867,Swansea
W01000868,Swansea
W01000869,Swansea
W01000870,Swansea
W01000871,Swansea
W01000872,Swansea
W01000873,Swansea
W01000874,Swansea
W01000875,Swansea
W01000876,Swansea
W01000877,Swansea
W01000878,Swansea
W01000879,Swansea
W01000880,Swansea
W01000881,Swansea
W01000882,Swansea
W01000883,Neath Port Talbot
W01000884,Neath Port Talbot
W01000885,Neath Port Talbot
W01000886,Neath Port Talbot
W01000887,Neath Port Talbot
W01000888,Neath Port Talbot
W01000889,Neath Port Talbot
W01000890,Neath Port Talbot
W01000891,Neath Port Talbot
W01000892,Neath Port Talbot
W01000893,Neath Port Talbot
W01000894,Neath Port Talbot
W01000895,Neath Port Talbot
W01000896,Neath Port Talbot
W01000897,Neath Port Talbot
W01000898,Neath Port Talbot
W01000899,Neath Port Talbot
W01000900,Neath Port Talbot
W01000901,Neath Port Talbot
W01000902,Neath Port Talbot
W01000903,Neath Port Talbot
W01000904,Neath Port Talbot
W01000905,Neath Port Talbot
W01000906,Neath Port Talbot
W01000907,Neath Port Talbot
W01000908,Neath Port Talbot
W01000909,Neath Port Talbot
W01000910,Neath Port Talbot
W01000911,Neath Port Talbot
W01000912,Neath Port Talbot
W01000913,Neath Port Talbot
W01000914,Neath Port Talbot
W01000915,Neath Port Talbot
W01000916,Neath Port Talbot
W01000917,Neath Port Talbot
W01000918,Neath Port Talbot
W01000919,Neath Port Talbot
W01000920,Neath Port Talbot
W01000921,Neath Port Talbot
W01000922,Neath Port Talbot
W01000923,Neath Port Talbot
W01000924,Neath Port Talbot
W01000925,Neath Port Talbot
W01000926,Neath Port Talbot
W01000927,Neath Port Talbot
W01000928,Neath Port Talbot
W01000929,Neath Port Talbot
W01000930,Neath Port Talbot
W01000931,Neath Port Talbot
W01000932,Neath Port Talbot
W01000933,Neath Port Talbot
W01000934,Neath Port Talbot
W01000935,Neath Port Talbot
W01000936,Neath Port Talbot
W01000937,Neath Port Talbot
W01000938,Neath Port Talbot
W01000939,Neath Port Talbot
W01000940,Neath Port Talbot
W01000941,Neath Port Talbot
W01000942,Neath Port Talbot
W01000943,Neath Port Talbot
W01000944,Neath Port Talbot
W01000945,Neath Port Talbot
W01000946,Neath Port Talbot
W01000947,Neath Port Talbot
W01000948,Neath Port Talbot
W01000949,Neath Port Talbot
W01000950,Neath Port Talbot
W01000951,Neath Port Talbot
W01000952,Neath Port Talbot
W01000953,Neath Port Talbot
W01000954,Neath Port Talbot
W01000955,Neath Port Talbot
W01000956,Neath Port Talbot
W01000957,Neath Port Talbot
W01000958,Neath Port Talbot
W01000959,Neath Port Talbot
W01000960,Neath Port Talbot
W01000961,Neath Port Talbot
W01000962,Neath Port Talbot
W01000963,Neath Port Talbot
W01000964,Neath Port Talbot
W01000965,Neath Port Talbot
W01000966,Neath Port Talbot
W01000967,Neath Port Talbot
W01000968,Neath Port Talbot
W01000969,Neath Port Talbot
W01000970,Neath Port Talbot
W01000971,Neath Port Talbot
W01000973,Neath Port Talbot
W01000974,Bridgend
W01000975,Bridgend
W01000976,Bridgend
W01000977,Bridgend
W01000978,Bridgend
W01000979,Bridgend
W01000980,Bridgend
W01000981,Bridgend
W01000982,Bridgend
W01000983,Bridgend
W01000984,Bridgend
W01000985,Bridgend
W01000986,Bridgend
W01000987,Bridgend
W01000989,Bridgend
W01000990,Bridgend
W01000991,Bridgend
W01000992,Bridgend
W01000993,Bridgend
W01000994,Bridgend
W01000995,Bridgend
W01000996,Bridgend
W01000997,Bridgend
W01000998,Bridgend
W01000999,Bridgend
W01001000,Bridgend
W01001001,Bridgend
W01001002,Bridgend
W01001003,Bridgend
W01001004,Bridgend
W01001005,Bridgend
W01001006,Bridgend
W01001007,Bridgend
W01001008,Bridgend
W01001009,Bridgend
W01001010,Bridgend
W01001011,Bridgend
W01001012,Bridgend
W01001013,Bridgend
W01001014,Bridgend
W01001015,Bridgend
W01001016,Bridgend
W01001017,Bridgend
W01001018,Bridgend
W01001019,Bridgend
W01001020,Bridgend
W01001021,Bridgend
W01001022,Bridgend
W01001023,Bridgend
W01001024,Bridgend
W01001025,Bridgend
W01001026,Bridgend
W01001027,Bridgend
W01001028,Bridgend
W01001029,Bridgend
W01001030,Bridgend
W01001031,Bridgend
W01001032,Bridgend
W01001033,Bridgend
W01001034,Bridgend
W01001035,Bridgend
W01001036,Bridgend
W01001037,Bridgend
W01001038,Bridgend
W01001039,Bridgend
W01001040,Bridgend
W01001041,Bridgend
W01001042,Bridgend
W01001043,Bridgend
W01001044,Bridgend
W01001045,Bridgend
W01001046,Bridgend
W01001047,Bridgend
W01001048,Bridgend
W01001049,Bridgend
W01001050,Bridgend
W01001051,Bridgend
W01001052,Bridgend
W01001053,Bridgend
W01001054,Bridgend
W01001055,Bridgend
W01001056,Bridgend
W01001057,Bridgend
W01001058,Bridgend
W01001059,Vale of Glamorgan
W01001060,Vale of Glamorgan
W01001061,Vale of Glamorgan
W01001062,Vale of Glamorgan
W01001063,Vale of Glamorgan
W01001064,Vale of Glamorgan
W01001065,Vale of Glamorgan
W01001066,Vale of Glamorgan
W01001067,Vale of Glamorgan
W01001068,Vale of Glamorgan
W01001069,Vale of Glamorgan
W01001070,Vale of Glamorgan
W01001071,Vale of Glamorgan
W01001072,Vale of Glamorgan
W01001073,Vale of Glamorgan
W01001075,Vale of Glamorgan
W01001076,Vale of Glamorgan
W01001077,Vale of Glamorgan
W01001078,Vale of Glamorgan
W01001079,Vale of Glamorgan
W01001080,Vale of Glamorgan
W01001081,Vale of Glamorgan
W01001082,Vale of Glamorgan
W01001083,Vale of Glamorgan
W01001084,Vale of Glamorgan
W01001085,Vale of Glamorgan
W01001086,Vale of Glamorgan
W01001087,Vale of Glamorgan
W01001088,Vale of Glamorgan
W01001089,Vale of Glamorgan
W01001090,Vale of Glamorgan
W01001091,Vale of Glamorgan
W01001092,Vale of Glamorgan
W01001093,Vale of Glamorgan
W01001094,Vale of Glamorgan
W01001095,Vale of Glamorgan
W01001096,Vale of Glamorgan
W01001097,Vale of Glamorgan
W01001098,Vale of Glamorgan
W01001099,Vale of Glamorgan
W01001100,Vale of Glamorgan
W01001101,Vale of Glamorgan
W01001102,Vale of Glamorgan
W01001103,Vale of Glamorgan
W01001104,Vale of Glamorgan
W01001105,Vale of Glamorgan
W01001106,Vale of Glamorgan
W01001107,Vale of Glamorgan
W01001108,Vale of Glamorgan
W01001109,Vale of Glamorgan
W01001110,Vale of Glamorgan
W01001111,Vale of Glamorgan
W01001112,Vale of Glamorgan
W01001113,Vale of Glamorgan
W01001114,Vale of Glamorgan
W01001115,Vale of Glamorgan
W01001116,Vale of Glamorgan
W01001117,Vale of Glamorgan
W01001118,Vale of Glamorgan
W01001119,Vale of Glamorgan
W01001120,Vale of Glamorgan
W01001121,Vale of Glamorgan
W01001122,Vale of Glamorgan
W01001123,Vale of Glamorgan
W01001124,Vale of Glamorgan
W01001125,Vale of Glamorgan
W01001126,Vale of Glamorgan
W01001127,Vale of Glamorgan
W01001128,Vale of Glamorgan
W01001129,Vale of Glamorgan
W01001130,Vale of Glamorgan
W01001131,Vale of Glamorgan
W01001132,Vale of Glamorgan
W01001133,Vale of Glamorgan
W01001134,Vale of Glamorgan
W01001135,Vale of Glamorgan
W01001136,Vale of Glamorgan
W01001137,Rhondda Cynon Taf
W01001138,Rhondda Cynon Taf
W01001139,Rhondda Cynon Taf
W01001140,Rhondda Cynon Taf
W01001141,Rhondda Cynon Taf
W01001142,Rhondda Cynon Taf
W01001143,Rhondda Cynon Taf
W01001144,Rhondda Cynon Taf
W01001145,Rhondda Cynon Taf
W01001146,Rhondda Cynon Taf
W01001147,Rhondda Cynon Taf
W01001148,Rhondda Cynon Taf
W01001149,Rhondda Cynon Taf
W01001150,Rhondda Cynon Taf
W01001151,Rhondda Cynon Taf
W01001152,Rhondda Cynon Taf
W01001153,Rhondda Cynon Taf
W01001154,Rhondda Cynon Taf
W01001155,Rhondda Cynon Taf
W01001156,Rhondda Cynon Taf
W01001157,Rhondda Cynon Taf
W01001158,Rhondda Cynon Taf
W01001159,Rhondda Cynon Taf
W01001160,Rhondda Cynon Taf
W01001161,Rhondda Cynon Taf
W01001162,Rhondda Cynon Taf
W01001164,Rhondda Cynon Taf
W01001165,Rhondda Cynon Taf
W01001166,Rhondda Cynon Taf
W01001167,Rhondda Cynon Taf
W01001168,Rhondda Cynon Taf
W01001169,Rhondda Cynon Taf
W01001170,Rhondda Cynon Taf
W01001171,Rhondda Cynon Taf
W01001172,Rhondda Cynon Taf
W01001173,Rhondda Cynon Taf
W01001174,Rhondda Cynon Taf
W01001175,Rhondda Cynon Taf
W01001176,Rhondda Cynon Taf
W01001177,Rhondda Cynon Taf
W01001178,Rhondda Cynon Taf
W01001179,Rhondda Cynon Taf
W01001180,Rhondda Cynon Taf
W01001181,Rhondda Cynon Taf
W01001182,Rhondda Cynon Taf
W01001183,Rhondda Cynon Taf
W01001184,Rhondda Cynon Taf
W01001185,Rhondda Cynon Taf
W01001186,Rhondda Cynon Taf
W01001187,Rhondda Cynon Taf
W01001188,Rhondda Cynon Taf
W01001189,Rhondda Cynon Taf
W01001190,Rhondda Cynon Taf
W01001191,Rhondda Cynon Taf
W01001192,Rhondda Cynon Taf
W01001193,Rhondda Cynon Taf
W01001194,Rhondda Cynon Taf
W01001195,Rhondda Cynon Taf
W01001196,Rhondda Cynon Taf
W01001197,Rhondda Cynon Taf
W01001198,Rhondda Cynon Taf
W01001199,Rhondda Cynon Taf
W01001200,Rhondda Cynon Taf
W01001201,Rhondda Cynon Taf
W01001202,Rhondda Cynon Taf
W01001203,Rhondda Cynon Taf
W01001204,Rhondda Cynon Taf
W01001205,Rhondda Cynon Taf
W01001206,Rhondda Cynon Taf
W01001207,Rhondda Cynon Taf
W01001208,Rhondda Cynon Taf
W01001209,Rhondda Cynon Taf
W01001210,Rhondda Cynon Taf
W01001211,Rhondda Cynon Taf
W01001212,Rhondda Cynon Taf
W01001213,Rhondda Cynon Taf
W01001214,Rhondda Cynon Taf
W01001215,Rhondda Cynon Taf
W01001216,Rhondda Cynon Taf
W01001217,Rhondda Cynon Taf
W01001218,Rhondda Cynon Taf
W01001219,Rhondda Cynon Taf
W01001220,Rhondda Cynon Taf
W01001221,Rhondda Cynon Taf
W01001222,Rhondda Cynon Taf
W01001223,Rhondda Cynon Taf
W01001224,Rhondda Cynon Taf
W01001225,Rhondda Cynon Taf
W01001226,Rhondda Cynon Taf
W01001227,Rhondda Cynon Taf
W01001228,Rhondda Cynon Taf
W01001229,Rhondda Cynon Taf
W01001230,Rhondda Cynon Taf
W01001231,Rhondda Cynon Taf
W01001232,Rhondda Cynon Taf
W01001233,Rhondda Cynon Taf
W01001234,Rhondda Cynon Taf
W01001235,Rhondda Cynon Taf
W01001236,Rhondda Cynon Taf
W01001237,Rhondda Cynon Taf
W01001238,Rhondda Cynon Taf
W01001239,Rhondda Cynon Taf
W01001240,Rhondda Cynon Taf
W01001241,Rhondda Cynon Taf
W01001242,Rhondda Cynon Taf
W01001243,Rhondda Cynon Taf
W01001244,Rhondda Cynon Taf
W01001245,Rhondda Cynon Taf
W01001246,Rhondda Cynon Taf
W01001247,Rhondda Cynon Taf
W01001248,Rhondda Cynon Taf
W01001249,Rhondda Cynon Taf
W01001250,Rhondda Cynon Taf
W01001251,Rhondda Cynon Taf
W01001252,Rhondda Cynon Taf
W01001253,Rhondda Cynon Taf
W01001255,Rhondda Cynon Taf
W01001256,Rhondda Cynon Taf
W01001257,Rhondda Cynon Taf
W01001258,Rhondda Cynon Taf
W01001259,Rhondda Cynon Taf
W01001260,Rhondda Cynon Taf
W01001261,Rhondda Cynon Taf
W01001262,Rhondda Cynon Taf
W01001263,Rhondda Cynon Taf
W01001264,Rhondda Cynon Taf
W01001265,Rhondda Cynon Taf
W01001266,Rhondda Cynon Taf
W01001267,Rhondda Cynon Taf
W01001268,Rhondda Cynon Taf
W01001269,Rhondda Cynon Taf
W01001270,Rhondda Cynon Taf
W01001271,Rhondda Cynon Taf
W01001272,Rhondda Cynon Taf
W01001273,Rhondda Cynon Taf
W01001274,Rhondda Cynon Taf
W01001275,Rhondda Cynon Taf
W01001276,Rhondda Cynon Taf
W01001277,Rhondda Cynon Taf
W01001278,Rhondda Cynon Taf
W01001279,Rhondda Cynon Taf
W01001280,Rhondda Cynon Taf
W01001281,Rhondda Cynon Taf
W01001282,Rhondda Cynon Taf
W01001283,Rhondda Cynon Taf
W01001284,Rhondda Cynon Taf
W01001285,Rhondda Cynon Taf
W01001286,Rhondda Cynon Taf
W01001287,Rhondda Cynon Taf
W01001288,Rhondda Cynon Taf
W01001289,Merthyr Tydfil
W01001290,Merthyr Tydfil
W01001291,Merthyr Tydfil
W01001292,Merthyr Tydfil
W01001293,Merthyr Tydfil
W01001294,Merthyr Tydfil
W01001295,Merthyr Tydfil
W01001296,Merthyr Tydfil
W01001297,Merthyr Tydfil
W01001298,Merthyr Tydfil
W01001299,Merthyr Tydfil
W01001300,Merthyr Tydfil
W01001301,Merthyr Tydfil
W01001302,Merthyr Tydfil
W01001303,Merthyr Tydfil
W01001304,Merthyr Tydfil
W01001305,Merthyr Tydfil
W01001306,Merthyr Tydfil
W01001307,Merthyr Tydfil
W01001308,Merthyr Tydfil
W01001309,Merthyr Tydfil
W01001310,Merthyr Tydfil
W01001311,Merthyr Tydfil
W01001312,Merthyr Tydfil
W01001313,Merthyr Tydfil
W01001314,Merthyr Tydfil
W01001315,Merthyr Tydfil
W01001316,Merthyr Tydfil
W01001317,Merthyr Tydfil
W01001318,Merthyr Tydfil
W01001319,Merthyr Tydfil
W01001320,Merthyr Tydfil
W01001321,Merthyr Tydfil
W01001322,Merthyr Tydfil
W01001324,Merthyr Tydfil
W01001325,Caerphilly
W01001326,Caerphilly
W01001327,Caerphilly
W01001328,Caerphilly
W01001329,Caerphilly
W01001330,Caerphilly
W01001331,Caerphilly
W01001332,Caerphilly
W01001333,Caerphilly
W01001334,Caerphilly
W01001335,Caerphilly
W01001336,Caerphilly
W01001337,Caerphilly
W01001338,Caerphilly
W01001339,Caerphilly
W01001340,Caerphilly
W01001341,Caerphilly
W01001342,Caerphilly
W01001343,Caerphilly
W01001344,Caerphilly
W01001345,Caerphilly
W01001346,Caerphilly
W01001347,Caerphilly
W01001348,Caerphilly
W01001349,Caerphilly
W01001350,Caerphilly
W01001351,Caerphilly
W01001352,Caerphilly
W01001353,Caerphilly
W01001354,Caerphilly
W01001355,Caerphilly
W01001356,Caerphilly
W01001357,Caerphilly
W01001358,Caerphilly
W01001359,Caerphilly
W01001360,Caerphilly
W01001361,Caerphilly
W01001362,Caerphilly
W01001363,Caerphilly
W01001364,Caerphilly
W01001365,Caerphilly
W01001366,Caerphilly
W01001367,Caerphilly
W01001368,Caerphilly
W01001369,Caerphilly
W01001370,Caerphilly
W01001371,Caerphilly
W01001372,Caerphilly
W01001373,Caerphilly
W01001374,Caerphilly
W01001375,Caerphilly
W01001376,Caerphilly
W01001377,Caerphilly
W01001378,Caerphilly
W01001379,Caerphilly
W01001380,Caerphilly
W01001381,Caerphilly
W01001382,Caerphilly
W01001383,Caerphilly
W01001384,Caerphilly
W01001385,Caerphilly
W01001386,Caerphilly
W01001387,Caerphilly
W01001388,Caerphilly
W01001389,Caerphilly
W01001390,Caerphilly
W01001391,Caerphilly
W01001392,Caerphilly
W01001393,Caerphilly
W01001394,Caerphilly
W01001395,Caerphilly
W01001396,Caerphilly
W01001397,Caerphilly
W01001398,Caerphilly
W01001399,Caerphilly
W01001400,Caerphilly
W01001401,Caerphilly
W01001402,Caerphilly
W01001403,Caerphilly
W01001404,Caerphilly
W01001405,Caerphilly
W01001406,Caerphilly
W01001407,Caerphilly
W01001408,Caerphilly
W01001409,Caerphilly
W01001410,Caerphilly
W01001411,Caerphilly
W01001412,Caerphilly
W01001413,Caerphilly
W01001414,Caerphilly
W01001415,Caerphilly
W01001416,Caerphilly
W01001417,Caerphilly
W01001418,Caerphilly
W01001419,Caerphilly
W01001420,Caerphilly
W01001421,Caerphilly
W01001422,Caerphilly
W01001423,Caerphilly
W01001424,Caerphilly
W01001425,Caerphilly
W01001426,Caerphilly
W01001427,Caerphilly
W01001428,Caerphilly
W01001429,Caerphilly
W01001430,Caerphilly
W01001431,Caerphilly
W01001432,Caerphilly
W01001433,Caerphilly
W01001434,Caerphilly
W01001435,Blaenau Gwent
W01001436,Blaenau Gwent
W01001437,Blaenau Gwent
W01001438,Blaenau Gwent
W01001439,Blaenau Gwent
W01001440,Blaenau Gwent
W01001441,Blaenau Gwent
W01001442,Blaenau Gwent
W01001443,Blaenau Gwent
W01001444,Blaenau Gwent
W01001445,Blaenau Gwent
W01001446,Blaenau Gwent
W01001447,Blaenau Gwent
W01001448,Blaenau Gwent
W01001449,Blaenau Gwent
W01001450,Blaenau Gwent
W01001451,Blaenau Gwent
W01001452,Blaenau Gwent
W01001453,Blaenau Gwent
W01001454,Blaenau Gwent
W01001455,Blaenau Gwent
W01001456,Blaenau Gwent
W01001457,Blaenau Gwent
W01001458,Blaenau Gwent
W01001459,Blaenau Gwent
W01001460,Blaenau Gwent
W01001461,Blaenau Gwent
W01001462,Blaenau Gwent
W01001463,Blaenau Gwent
W01001464,Blaenau Gwent
W01001465,Blaenau Gwent
W01001466,Blaenau Gwent
W01001467,Blaenau Gwent
W01001468,Blaenau Gwent
W01001469,Blaenau Gwent
W01001470,Blaenau Gwent
W01001471,Blaenau Gwent
W01001472,Blaenau Gwent
W01001473,Blaenau Gwent
W01001474,Blaenau Gwent
W01001475,Blaenau Gwent
W01001476,Blaenau Gwent
W01001477,Blaenau Gwent
W01001478,Blaenau Gwent
W01001479,Blaenau Gwent
W01001480,Blaenau Gwent
W01001481,Blaenau Gwent
W01001482,Torfaen
W01001483,Torfaen
W01001484,Torfaen
W01001485,Torfaen
W01001486,Torfaen
W01001487,Torfaen
W01001488,Torfaen
W01001489,Torfaen
W01001490,Torfaen
W01001491,Torfaen
W01001492,Torfaen
W01001493,Torfaen
W01001494,Torfaen
W01001495,Torfaen
W01001496,Torfaen
W01001497,Torfaen
W01001498,Torfaen
W01001499,Torfaen
W01001500,Torfaen
W01001501,Torfaen
W01001502,Torfaen
W01001503,Torfaen
W01001504,Torfaen
W01001505,Torfaen
W01001506,Torfaen
W01001507,Torfaen
W01001508,Torfaen
W01001509,Torfaen
W01001510,Torfaen
W01001511,Torfaen
W01001512,Torfaen
W01001513,Torfaen
W01001514,Torfaen
W01001515,Torfaen
W01001516,Torfaen
W01001517,Torfaen
W01001518,Torfaen
W01001519,Torfaen
W01001520,Torfaen
W01001521,Torfaen
W01001522,Torfaen
W01001523,Torfaen
W01001524,Torfaen
W01001525,Torfaen
W01001526,Torfaen
W01001527,Torfaen
W01001528,Torfaen
W01001529,Torfaen
W01001530,Torfaen
W01001531,Torfaen
W01001532,Torfaen
W01001533,Torfaen
W01001534,Torfaen
W01001535,Torfaen
W01001536,Torfaen
W01001537,Torfaen
W01001538,Torfaen
W01001539,Torfaen
W01001540,Torfaen
W01001541,Torfaen
W01001542,Monmouthshire
W01001543,Monmouthshire
W01001545,Monmouthshire
W01001546,Monmouthshire
W01001548,Monmouthshire
W01001549,Monmouthshire
W01001551,Monmouthshire
W01001552,Monmouthshire
W01001553,Monmouthshire
W01001554,Monmouthshire
W01001555,Monmouthshire
W01001556,Monmouthshire
W01001557,Monmouthshire
W01001558,Monmouthshire
W01001559,Monmouthshire
W01001560,Monmouthshire
W01001561,Monmouthshire
W01001562,Monmouthshire
W01001563,Monmouthshire
W01001564,Monmouthshire
W01001565,Monmouthshire
W01001566,Monmouthshire
W01001567,Monmouthshire
W01001568,Monmouthshire
W01001569,Monmouthshire
W01001571,Monmouthshire
W01001572,Monmouthshire
W01001573,Monmouthshire
W01001574,Monmouthshire
W01001575,Monmouthshire
W01001576,Monmouthshire
W01001577,Monmouthshire
W01001578,Monmouthshire
W01001579,Monmouthshire
W01001580,Monmouthshire
W01001581,Monmouthshire
W01001582,Monmouthshire
W01001583,Monmouthshire
W01001584,Monmouthshire
W01001585,Monmouthshire
W01001586,Monmouthshire
W01001587,Monmouthshire
W01001588,Monmouthshire
W01001589,Monmouthshire
W01001590,Monmouthshire
W01001591,Monmouthshire
W01001592,Monmouthshire
W01001593,Monmouthshire
W01001594,Monmouthshire
W01001595,Monmouthshire
W01001596,Monmouthshire
W01001597,Monmouthshire
W01001598,Monmouthshire
W01001599,Monmouthshire
W01001600,Newport
W01001601,Newport
W01001602,Newport
W01001603,Newport
W01001604,Newport
W01001605,Newport
W01001606,Newport
W01001607,Newport
W01001608,Newport
W01001609,Newport
W01001610,Newport
W01001611,Newport
W01001612,Newport
W01001613,Newport
W01001614,Newport
W01001615,Newport
W01001616,Newport
W01001617,Newport
W01001618,Newport
W01001619,Newport
W01001620,Newport
W01001621,Newport
W01001622,Newport
W01001623,Newport
W01001624,Newport
W01001625,Newport
W01001626,Newport
W01001627,Newport
W01001628,Newport
W01001629,Newport
W01001630,Newport
W01001631,Newport
W01001632,Newport
W01001633,Newport
W01001634,Newport
W01001635,Newport
W01001636,Newport
W01001637,Newport
W01001638,Newport
W01001639,Newport
W01001640,Newport
W01001641,Newport
W01001642,Newport
W01001643,Newport
W01001644,Newport
W01001645,Newport
W01001646,Newport
W01001647,Newport
W01001648,Newport
W01001649,Newport
W01001650,Newport
W01001651,Newport
W01001652,Newport
W01001653,Newport
W01001654,Newport
W01001655,Newport
W01001657,Newport
W01001658,Newport
W01001659,Newport
W01001660,Newport
W01001661,Newport
W01001662,Newport
W01001663,Newport
W01001664,Newport
W01001665,Newport
W01001666,Newport
W01001667,Newport
W01001668,Newport
W01001669,Newport
W01001670,Newport
W01001671,Newport
W01001672,Newport
W01001673,Newport
W01001674,Newport
W01001675,Newport
W01001676,Newport
W01001677,Newport
W01001678,Newport
W01001679,Newport
W01001680,Newport
W01001681,Newport
W01001682,Newport
W01001683,Newport
W01001684,Newport
W01001685,Newport
W01001686,Newport
W01001687,Newport
W01001688,Newport
W01001689,Newport
W01001690,Newport
W01001691,Newport
W01001692,Newport
W01001693,Newport
W01001694,Cardiff
W01001695,Cardiff
W01001696,Cardiff
W01001697,Cardiff
W01001698,Cardiff
W01001699,Cardiff
W01001702,Cardiff
W01001703,Cardiff
W01001704,Cardiff
W01001705,Cardiff
W01001706,Cardiff
W01001707,Cardiff
W01001708,Cardiff
W01001709,Cardiff
W01001710,Cardiff
W01001711,Cardiff
W01001712,Cardiff
W01001713,Cardiff
W01001714,Cardiff
W01001715,Cardiff
W01001716,Cardiff
W01001717,Cardiff
W01001718,Cardiff
W01001719,Cardiff
W01001720,Cardiff
W01001721,Cardiff
W01001722,Cardiff
W01001724,Cardiff
W01001725,Cardiff
W01001726,Cardiff
W01001727,Cardiff
W01001728,Cardiff
W01001729,Cardiff
W01001730,Cardiff
W01001731,Cardiff
W01001732,Cardiff
W01001733,Cardiff
W01001734,Cardiff
W01001735,Cardiff
W01001736,Cardiff
W01001737,Cardiff
W01001738,Cardiff
W01001739,Cardiff
W01001740,Cardiff
W01001741,Cardiff
W01001742,Cardiff
W01001743,Cardiff
W01001744,Cardiff
W01001745,Cardiff
W01001746,Cardiff
W01001747,Cardiff
W01001748,Cardiff
W01001749,Cardiff
W01001750,Cardiff
W01001751,Cardiff
W01001752,Cardiff
W01001753,Cardiff
W01001754,Cardiff
W01001755,Cardiff
W01001756,Cardiff
W01001757,Cardiff
W01001758,Cardiff
W01001759,Cardiff
W01001760,Cardiff
W01001761,Cardiff
W01001762,Cardiff
W01001764,Cardiff
W01001765,Cardiff
W01001766,Cardiff
W01001767,Cardiff
W01001768,Cardiff
W01001769,Cardiff
W01001770,Cardiff
W01001771,Cardiff
W01001772,Cardiff
W01001773,Cardiff
W01001774,Cardiff
W01001775,Cardiff
W01001776,Cardiff
W01001777,Cardiff
W01001778,Cardiff
W01001779,Cardiff
W01001780,Cardiff
W01001781,Cardiff
W01001782,Cardiff
W01001783,Cardiff
W01001784,Cardiff
W01001785,Cardiff
W01001786,Cardiff
W01001787,Cardiff
W01001788,Cardiff
W01001789,Cardiff
W01001790,Cardiff
W01001791,Cardiff
W01001792,Cardiff
W01001793,Cardiff
W01001794,Cardiff
W01001795,Cardiff
W01001796,Cardiff
W01001797,Cardiff
W01001798,Cardiff
W01001799,Cardiff
W01001800,Cardiff
W01001802,Cardiff
W01001803,Cardiff
W01001804,Cardiff
W01001805,Cardiff
W01001806,Cardiff
W01001807,Cardiff
W01001808,Cardiff
W01001809,Cardiff
W01001810,Cardiff
W01001811,Cardiff
W01001812,Cardiff
W01001813,Cardiff
W01001814,Cardiff
W01001815,Cardiff
W01001816,Cardiff
W01001817,Cardiff
W01001818,Cardiff
W01001819,Cardiff
W01001820,Cardiff
W01001821,Cardiff
W01001822,Cardiff
W01001823,Cardiff
W01001824,Cardiff
W01001825,Cardiff
W01001826,Cardiff
W01001827,Cardiff
W01001828,Cardiff
W01001829,Cardiff
W01001830,Cardiff
W01001831,Cardiff
W01001832,Cardiff
W01001833,Cardiff
W01001834,Cardiff
W01001835,Cardiff
W01001836,Cardiff
W01001837,Cardiff
W01001838,Cardiff
W01001839,Cardiff
W01001840,Cardiff
W01001841,Cardiff
W01001842,Cardiff
W01001843,Cardiff
W01001844,Cardiff
W01001846,Cardiff
W01001847,Cardiff
W01001848,Cardiff
W01001849,Cardiff
W01001850,Cardiff
W01001851,Cardiff
W01001852,Cardiff
W01001853,Cardiff
W01001854,Cardiff
W01001855,Cardiff
W01001856,Cardiff
W01001857,Cardiff
W01001858,Cardiff
W01001859,Cardiff
W01001860,Cardiff
W01001861,Cardiff
W01001862,Cardiff
W01001863,Cardiff
W01001864,Cardiff
W01001865,Cardiff
W01001866,Cardiff
W01001867,Cardiff
W01001868,Cardiff
W01001869,Cardiff
W01001870,Cardiff
W01001871,Cardiff
W01001872,Cardiff
W01001873,Cardiff
W01001874,Cardiff
W01001875,Cardiff
W01001876,Cardiff
W01001877,Cardiff
W01001878,Cardiff
W01001879,Cardiff
W01001880,Cardiff
W01001881,Cardiff
W01001882,Cardiff
W01001883,Cardiff
W01001884,Cardiff
W01001885,Cardiff
W01001886,Cardiff
W01001887,Cardiff
W01001888,Cardiff
W01001889,Cardiff
W01001890,Cardiff
W01001891,Cardiff
W01001892,Cardiff
W01001893,Cardiff
W01001894,Cardiff
W01001895,Cardiff
W01001896,Cardiff
W01001897,Powys
W01001898,Merthyr Tydfil
W01001899,Powys
W01001900,Neath Port Talbot
W01001901,Powys
W01001902,Powys
W01001903,Powys
W01001904,Powys
W01001905,Powys
W01001906,Powys
W01001907,Powys
W01001908,Monmouthshire
W01001909,Monmouthshire
W01001910,Vale of Glamorgan
W01001911,Vale of Glamorgan
W01001912,Newport
W01001913,Newport
W01001914,Rhondda Cynon Taf
W01001915,Rhondda Cynon Taf
W01001916,Rhondda Cynon Taf
W01001917,Rhondda Cynon Taf
W01001918,Bridgend
W01001919,Bridgend
W01001920,Bridgend
W01001921,Bridgend
W01001922,Cardiff
W01001923,Carmarthenshire
W01001924,Carmarthenshire
W01001925,Carmarthenshire
W01001926,Conwy
W01001927,Conwy
W01001928,Conwy
W01001929,Wrexham
W01001930,Wrexham
W01001931,Wrexham
W01001932,Gwynedd
W01001933,Gwynedd
W01001934,Ceredigion
W01001935,Ceredigion
W01001936,Ceredigion
W01001937,Ceredigion
W01001938,Swansea
W01001939,Cardiff
W01001940,Cardiff
W01001941,Cardiff
W01001942,Cardiff
W01001943,Cardiff
W01001944,Cardiff
W01001945,Cardiff
W01001946,Cardiff
W01001947,Cardiff
W01001948,Cardiff
W01001949,Cardiff
W01001950,Cardiff
W01001951,Cardiff
W01001952,Cardiff
W01001953,Cardiff
W01001954,Cardiff
W01001955,Swansea
W01001956,Swansea
W01001957,Swansea
W01001958,Swansea
